heading,sender_name,sender_email,content,target
fwd remind technofi iim bodh gaya,code soc via student,students@iiitr.ac.in,forward messag committ iim bodh gaya itcomiimbgacin date tue nov 28 2023 614 pm subject remind technofi iim bodh gaya hello everyon send warm regard behalf committ iim bodh gaya 1 day left registr call aspir entrepreneur groundbreak idea join technofi 20 iim bodh gaya annual tech busi competit showca uniqu concept contribut innov turn idea realiti brighter futur embrac entrepreneuri spirit technofi back second edit featur threeround ideathon provid opportun display entrepreneuri concept detail round 1 onlin quiz consist 20 question complet within 10 minut quiz focu latest develop technolog busi world date time 01st dec 2023 1000 1000 pm round 2 qualifi team requir recogn articul busi problem put forth solut base technolog date time 05th dec 2023 1200 06th dec 2023 1159 pm round 3 finalist must submit conci pptpdf present maximum 7 slide includ titl thank slide outlin busi problem propo technologyba solut impact busi target market date time 10th dec 2023 1200 1159 pm select link provid regist instantli keep eye addit updat registr link technofi 20 iim bodh gaya indian institut manag iim bodh gaya unstop formerli dare2compet registr deadlin 30th novemb 2023 1159 pm ist team registr open postgradu graduat student welcom minimum 1 maximum 3 member per team reward winner inr 7000 certif first runner inr 5000 certif second runner inr 3000 certif certif team clear round 2 get particip certif team member regard committ indian institut manag bodh gaya uruvela prabandh vihar bodh gaya bihar india pin 824234 follow u instagram linkedin thank regard team codesoc indian institut inform technolog raichur websit httpsstudentsiiitracincodesochtml,0
fwd mind fusion challeng unlock creativ mind mind fusion,code soc via student,students@iiitr.ac.in,forward messag samatvam team samatvamteamiimbgacin date mon nov 27 2023 1001 subject mind fusion challeng unlock creativ mind mind fusion hey maverick readi fuse mind creativ geniu join mind fusion mindblow competit samatvam mind center round 1 snap mind photo nov 23 dec 3 round 2 pen journey dec 512 round 3 combin photo essay grand fusion showca dec 1517 unleash creativ win recognit part someth extraordinari readi make mind masterpiec dive detail registr httpsunstopcomeventsmindfulfusionchallengeelegante70iimbodhgaya826731 regard team samatvam thank regard team codesoc indian institut inform technolog raichur websit httpsstudentsiiitracincodesochtml,0
discount extend 1 day 30 annual premium,leetcod,no-reply@leetcode.com,leetcod miss black friday deal chanc 30 annual premium subscript extend one day use code thanks2023 checkout get leetcod premium unlock companyspecif question accur studi access premium content includ question explor card offici editori enjoy premium featur like interview simul autocomplet debugg lightn judg get addit discount highli rate cour 20 event leetcod interview crash cour data structur algorithm leetcod interview crash cour system design interview beyond act offer end 1159pm pst tuesday novemb 28 invest land dream job leetcod premium best leetcod team copyright 2023 leetcod right reserv 2023 leetcod llc right reserv unsubscrib,0
meet,,cs21b1027@iiitr.ac.in,hi shivanshu academ build plea meet plea meet tomorrow thank best regard dr suresh chavhan assist professor dept comput scienc engin indian institut inform technolog raichur karnataka 584135 associ editor alexandria engin journal googl scholar person webpag,1
fwd 7 offcampu internship 2022 2023 2024 2025 2026 passout,placement fic,fic.placement@iiitr.ac.in,forward messag job internship updat jobsandinternshipsupdatesgmailcom date sun nov 26 2023 307 pm subject 7 offcampu internship 2022 2023 2024 2025 2026 passout job internship updat jobsandinternshipsupdatesgmailcom greet placement team offcampu opportun 2022 2023 2024 2025 2026 passout 7 work home internship 2022 2023 2024 2025 2026 batch 1 restech hire fullstack develop intern batch 2022 2023 2024 2025 2026 passout stipend 25k 40k per month durat 2 month appli link httpsrebrandly8dd3bb 2 enalo hire frontend develop intern batch 2024 passout stipend 20k per month durat 36 month expect ctc upto 12 lpa appli link httpsrebrandly186d 3 uniflik hire frontend develop intern batch 2024 2025 2026 passout stipend 10k per month durat 2 month appli link httpsrebrandlyxu4wb73 4 easyop hire fullstack develop engin intern batch 2022 2023 2024 2025 2026 passout stipend 12k per month durat 3 month appli link httpsrebrandly046482 5 makerbl hire mobil app develop intern batch 2024 passout stipend 10k 15k per month durat 6 month appli link httpsrebrandly128c04 6 doubtconnect hire mobil app develop intern batch 2022 2023 2024 2025 2026 passout stipend 15k 20k per month durat 3 month appli link httpsrebrandlybgim2vc 7 bigohealth hire frontend develop intern batch 2023 passout stipend 10k per month durat 3 month appli link httpsrebrandlylvspklp plea share colleg student appli soon possibl opportun close disclaim associ compani list share inform student inform kindli contact compani employ via linkedin bridg gap share offcampu opportun colleg student student join commun get latest updat job internship httpslinktreejobsandinternshipsupd thank regard job internship updat team,1
grade johari window anali modifi,prof harish kumar sardana classroom,no-reply@classroom.google.com,notif set person develop vsem cs21b johari window anali modifi person grade grade 2435 prof harish kumar sardana grade work 1155 pm nov 27 ist view grade googl llc 1600 amphitheatr parkway mountain view ca 94043 usa email sent indic youd like receiv email notif googl classroom dont want receiv email like unsubscrib chang set,1
final hour 30 annual subscript deal end today,leetcod,no-reply@leetcode.com,hurri save today last day take advantag thanksgiv deal celebr thanksgiv offer 30 annual premium subscript total 129 that 1075 per month use code thanks2023 checkout get leetcod premium unlock companyspecif question accur studi access premium content includ question explor card offici editori enjoy premium featur like interview simul autocomplet debugg lightn judg get addit discount highli rate cour 20 event leetcod interview crash cour data structur algorithm leetcod interview crash cour system design interview beyond act offer end 1159pm pst monday novemb 27 invest land dream job leetcod premium best leetcod team copyright 2023 leetcod right reserv 2023 leetcod llc right reserv unsubscrib,0
open photographi contest natur frame,xposur photographi club,xposure@iiitr.ac.in,dear thrill announc winner natur frame photographi contest much delib xposur team select follow winner 1st place k v jaya harsha 2nd place thaduri manikanth 3rd place ashwath bajaj congratul winner stun photograph truli captur beauti natur captiv way reach soon deliv amaz prize also want extend big thank particip submit incr photograph talent passion photographi truli inspir look forward see next upcom event keep eye announc get readi showca photographi skill congratul winner thank particip best regard xposur photographi club iiit raichur follow u instagram whatsapp,0
regard 1st test evalu,,cs20b1023@iiitr.ac.in,,1
new announc mani group will give,neha agarw classroom,no-reply@classroom.google.com,notif set nlp elect new announc mani group will give project present today time see detail post 853 nov 27 ist neha agarw googl llc 1600 amphitheatr parkway mountain view ca 94043 usa email sent indic youd like receiv email notif googl classroom dont want receiv email like unsubscrib chang set,1
new announc plea find attach solut,santosh dodhi classroom,no-reply@classroom.google.com,notif set itp lab 2023 cse new announc plea find attach solut lab7 see detail post 306 pm nov 25 ist santosh dodhi googl llc 1600 amphitheatr parkway mountain view ca 94043 usa email sent indic youd like receiv email notif googl classroom dont want receiv email like unsubscrib chang set,1
new assign lab7,santosh dodhi classroom,no-reply@classroom.google.com,notif set itp lab 2023 cse new assign lab7 submiss format cs23b10xxp1c xx refer roll number see detail post 1142 nov 25 ist santosh dodhi googl llc 1600 amphitheatr parkway mountain view ca 94043 usa email sent indic youd like receiv email notif googl classroom dont want receiv email like unsubscrib chang set,1
new assign lab7,santosh dodhi classroom,no-reply@classroom.google.com,notif set itp lab 2023 cse new assign lab7 submiss format cs23b10xxp1c xx refer roll number see detail post 1142 nov 25 ist santosh dodhi googl llc 1600 amphitheatr parkway mountain view ca 94043 usa email sent indic youd like receiv email notif googl classroom dont want receiv email like unsubscrib chang set,1
new assign lab7,santosh dodhi classroom,no-reply@classroom.google.com,notif set itp lab 2023 cse new assign lab7 submiss format cs23b10xxp1c xx refer roll number see detail post 1142 nov 25 ist santosh dodhi googl llc 1600 amphitheatr parkway mountain view ca 94043 usa email sent indic youd like receiv email notif googl classroom dont want receiv email like unsubscrib chang set,1
new assign lab7,santosh dodhi classroom,no-reply@classroom.google.com,notif set itp lab 2023 cse new assign lab7 submiss format cs23b10xxp1c xx refer roll number see detail post 1142 nov 25 ist santosh dodhi googl llc 1600 amphitheatr parkway mountain view ca 94043 usa email sent indic youd like receiv email notif googl classroom dont want receiv email like unsubscrib chang set,1
new assign lab7,santosh dodhi classroom,no-reply@classroom.google.com,notif set itp lab 2023 cse new assign lab7 submiss format cs23b10xxp1c xx refer roll number see detail post 1142 nov 25 ist santosh dodhi googl llc 1600 amphitheatr parkway mountain view ca 94043 usa email sent indic youd like receiv email notif googl classroom dont want receiv email like unsubscrib chang set,1
document share book report,santosh dodhi via googl doc,drive-shares-dm-noreply@google.com,,1
urgent submiss elect prefer next semest,academ secretari,academic_secretary@iiitr.ac.in,form submiss date extend till 28th nov 400 pm plea fill form accordingli,1
new announc dear student kindli come,neha agarw classroom,no-reply@classroom.google.com,notif set nlp elect new announc dear student kindli come calcul tomorrow exam see detail post 726 pm nov 24 ist neha agarw googl llc 1600 amphitheatr parkway mountain view ca 94043 usa email sent indic youd like receiv email notif googl classroom dont want receiv email like unsubscrib chang set,1
regard project final evalu,,no-reply@classroom.google.com,,1
new assign end sem,anubhav singh classroom,no-reply@classroom.google.com,notif set daa lab batch 2022 3rd sem new assign end sem see detail post 533 pm nov 24 ist anubhav singh googl llc 1600 amphitheatr parkway mountain view ca 94043 usa email sent indic youd like receiv email notif googl classroom dont want receiv email like unsubscrib chang set,1
new assign end sem,anubhav singh classroom,no-reply@classroom.google.com,notif set daa lab batch 2022 3rd sem new assign end sem see detail post 533 pm nov 24 ist anubhav singh googl llc 1600 amphitheatr parkway mountain view ca 94043 usa email sent indic youd like receiv email notif googl classroom dont want receiv email like unsubscrib chang set,1
document share daa endsem lab,anubhav singh via googl doc,drive-shares-dm-noreply@google.com,,1
new announc dear student,neha agarw classroom,no-reply@classroom.google.com,notif set foundat machin learn 3rd year new announc dear student one group nlp project evalu come assign evalu 3 430 today see detail post 208 pm nov 24 ist neha agarw googl llc 1600 amphitheatr parkway mountain view ca 94043 usa email sent indic youd like receiv email notif googl classroom dont want receiv email like unsubscrib chang set,1
new announc dear anubhav kindli make session,neha agarw classroom,no-reply@classroom.google.com,notif set foundat machin learn 3rd year new announc dear anubhav kindli make session last assign evalu provid proper time clash project evalu nlp see detail post 142 pm nov 24 ist neha agarw googl llc 1600 amphitheatr parkway mountain view ca 94043 usa email sent indic youd like receiv email notif googl classroom dont want receiv email like unsubscrib chang set,1
new announc dear student hope seen,neha agarw classroom,no-reply@classroom.google.com,notif set nlp elect new announc dear student hope seen nlp mid sem answer sheet anyon left come till 230 stapl page use tomorrow mani page left see detail post 140 pm nov 24 ist neha agarw googl llc 1600 amphitheatr parkway mountain view ca 94043 usa email sent indic youd like receiv email notif googl classroom dont want receiv email like unsubscrib chang set,1
new announc dear student avail,neha agarw classroom,no-reply@classroom.google.com,notif set nlp elect new announc dear student avail today 3 pm 5 pm project evalu least tri 34 group see detail post 139 pm nov 24 ist neha agarw googl llc 1600 amphitheatr parkway mountain view ca 94043 usa email sent indic youd like receiv email notif googl classroom dont want receiv email like unsubscrib chang set,1
fwd regist dsciey hackathon 2023 19th dec gurugram,train placement cell iiit raichur,tnp@iiitr.ac.in,interest student request appli forward messag ey india engin campu connect enggcampusconnectineycom date fri nov 24 2023 1125 subject regist dsciey hackathon 2023 19th dec gurugram zoom get better view your read email smartphon dear placement team greet nasscom dsci ai india secur summit httpswwwdsciineventaiss2023 flagship cybersecur event india event run three day usual host minimum 1000 cyber secur leader profess repr sector ey partner dsci plan design conduct prestigi nation dsciey hackathon last 5 year ey cybersecur team plan nation dsciey hackathon 2023 cybersecur hackathon 2023 150 marqu ethic hacker particip day long event wide varieti interest challeng need solv captur flag challeng design solv particip repr currentworld threat manifest today hackathon open particip student research develop tester soccdc team redblu team product secur team cyber secur enthusiast warmli invit particip hackathon hackathon detail date 19th decemb 2023 time 0900 0600 pm ist locat leela ambienc hotel gurugram regist scan qr code fill form url dsci ey hackathon 2023 inform plea visit hackathon 2023 data secur council india dsciin look forward particip dsci ey hackthon 2023 thank regard ey india engin campu team 2023 ernst young llp right reserv inform contain commun intend sole use individu entiti address other author receiv may contain confidenti legal privileg inform intend recipi herebi notifi disclosur copi distribut take action relianc content inform strictli prohibit may unlaw receiv commun error plea notifi u immedi respond email delet system firm neither liabl proper complet transmiss inform contain commun delay receipt regard train placement cell indian institut inform technolog raichur gec transit campu yeramaru camp raichur karnataka 584135,1
new announc hello next lab set,sanidhaya sharma classroom,no-reply@classroom.google.com,notif set itp lab 2023 cse new announc hello next lab set tomorrow usual novemb 25 2023 run 1130am 1230pm syllabu includ topic cover point best see detail post 1251 pm nov 24 ist sanidhaya sharma googl llc 1600 amphitheatr parkway mountain view ca 94043 usa email sent indic youd like receiv email notif googl classroom dont want receiv email like unsubscrib chang set,0
everyday peopl shift pro side life what stop,unstop pro,noreply@dare2compete.news,unsubscrib,0
new announc daa lab time 330 pm 530 pm,anubhav singh classroom,no-reply@classroom.google.com,notif set daa lab batch 2022 3rd sem new announc daa lab time 330 pm 530 pm see detail post 917 pm nov 23 ist anubhav singh googl llc 1600 amphitheatr parkway mountain view ca 94043 usa email sent indic youd like receiv email notif googl classroom dont want receiv email like unsubscrib chang set,1
overleaf secur note secondari email address ad,overleaf,welcome@overleaf.com,overleaf secondari email address ad hi write let know secondari email address ad account cs21b1027iiitracin thursday 23 novemb 2023 1346 gmt ad shivanshukguptagmailcom ignor email recommend get touch support team supportoverleafcom report potenti suspici activ account also encourag read quick guid keep overleaf account safe overleaf httpswwwoverleafcom,0
new announc dear final,suresh chavhan classroom,no-reply@classroom.google.com,notif set comput network new announc dear final semest exam 27 novemb 2023 930 1230 pm best thank see detail post 437 pm nov 23 ist suresh chavhan googl llc 1600 amphitheatr parkway mountain view ca 94043 usa email sent indic youd like receiv email notif googl classroom dont want receiv email like unsubscrib chang set,1
new announc dear student kindli set project,neha agarw classroom,no-reply@classroom.google.com,notif set nlp elect new announc dear student kindli set project present slot day take max 4 present anubhav yugal take slot student give final sheet present complet 30 nov see detail post 215 pm nov 23 ist neha agarw googl llc 1600 amphitheatr parkway mountain view ca 94043 usa email sent indic youd like receiv email notif googl classroom dont want receiv email like unsubscrib chang set,1
final call exclu upskil program iiit raichur student,teachnook,pushkar.balayar@teachnook.com,dear student iiit raichur ug 2021 batch thrill reach share except opportun kickstart academ journey iiit raichur power advantag introduc upskil career program distinct collabor teachnook iit bhubaneswar wissenair iit bombay ecel design empow success futur inten twomonth program offer immer industri project inspir growth certif iit bhubaneswar wissenair valid achiev profess mentorship fuel career aspir readi seiz opportun enrol pave way promi career httpsdocsgooglecomformsde1faipqlsdqhjcbe18khqpkqmgpuprlrdqmilsf0eiex06qn1ty4iyr0gviewformuspsflink final call limit slot avail dont miss chanc supercharg career secur spot upskil career program gain edg competit world act regist via provid link embark journey unparallel growth learn note success regist program kindli disregard messag best regard teachnook iit bhubaneswar wissenair,0
googl hire cloud engin 20 lpa,jobsgoogl,noreply@dare2compete.news,hi shivanshu googl current look cloud engin deliv effect big data machin learn solut solv complex technic custom problem act trust technic advisor googl strateg custom also identifi new product featur featur gap provid guidanc exist product challeng collabor product manag engin influenc roadmap googl cloud platform salari inr 20 lakh via glassdoor appli regard team unstop unsubscrib,1
reschedul dbm class,,no-reply@leetcode.com,,0
clarif regard machin learn bioinformat project,,cs21b1027@iiitr.ac.in,good afternoon sir hope messag find well name shivanshu gupta current enrol ai403 machin learn bioinformat cour iiit raichur queri regard final project project guidelin state predict capabl accuraci model valid use blind dataset 10 data kept asid never use train test model context divid dataset three part 80 train 10 test 10 blind dataset train model train dataset test test dataset accuraci low adjust hyperparamet repeat process find suitabl valu final requir gener report use blind dataset anoth intend mean step regard crossvalid instruct mention cross valid atleast 3 option cross valid techniqu taken input user perform crossvalid use model highest accuraci test purpo mere measur perform model step clear would nice could tell exactli part project step entir clear would appreci could provid specif guidanc expect part project thank time assist sincer shivanshu gupta cs21b1027 iiit raichur,1
notic lab4 comput network lab exam 23112023,balachandrudu,bchandrudu@iiitr.ac.in,dear plea inform today tomorrow noon allow comput lab4 due softwar instal lab exam tomorrow23112023 8 1200pm lab exam conduct lab4 time noon allow lab thank understand cooper thank regard bala chandrudu network engin iiit raichur transit gec campu yeramarau camp karnataka584135,1
new materi practic 2,neha agarw classroom,no-reply@classroom.google.com,notif set nlp elect new materi practic 2 see detail post 424 pm nov 22 ist neha agarw googl llc 1600 amphitheatr parkway mountain view ca 94043 usa email sent indic youd like receiv email notif googl classroom dont want receiv email like unsubscrib chang set,1
welcom maxaim,maxaim team,no-reply@maxai.me,hi shivanshu welcom maxaim formerli usechatgptai everyon use maxaim free daili usag limit also offer chatgpt ai power exten fast chatgpt plu countri restrict free use highli recommend invit friend join maxaim anyon sign use referr link instal maxaim exten receiv 1 free week reward access unlimit gpt35turbo usag friend invit free week reward access may get plea note certain featur like gpt4 chatgpt16k claudeinstant100k claude2100k page summari chat web access copilot includ reward unlock premium featur upgrad account happi share maxaim team formerli usechatgptai quicktour video guid paid maxai pro member search ai make ai tool custom prompt summar chat webpag pdf pdf ai viewer gmail assist help write summari chat youtub youtub comment assist outlook assist help write xtwitter assist help write use gpt4 ai model oper maxai use chatgpt16k ai model oper maxai use claude2100k ai model oper maxai use claudeinstant100k ai model oper maxai maxai paid model unlimit gpt35turbo oper maxai make resourc enhanc experi follow u twitter latest updat tip maxaihq,0
new announc dear student check mid sem,neha agarw classroom,no-reply@classroom.google.com,notif set nlp elect new announc dear student check mid sem answer sheet 3 pm everyon kindli come one classrom anubhav yugal kindli need see detail post 1122 nov 22 ist neha agarw googl llc 1600 amphitheatr parkway mountain view ca 94043 usa email sent indic youd like receiv email notif googl classroom dont want receiv email like unsubscrib chang set,1
new announc dear student relax criterion,neha agarw classroom,no-reply@classroom.google.com,notif set nlp elect new announc dear student relax criterion attend 75 therefor final student stop end sem follow puppala koushik vivek naman vikram manikanth see detail post 1056 nov 22 ist neha agarw googl llc 1600 amphitheatr parkway mountain view ca 94043 usa email sent indic youd like receiv email notif googl classroom dont want receiv email like unsubscrib chang set,1
new announc follow student,neha agarw classroom,no-reply@classroom.google.com,notif set nlp elect new announc follow student attend le 85 kindli meet cs20b1003 saurabh bansod cs20b1008 ganesh reddi cs20b1011 nallamothu balaji cs20b1012 leela madhuri cs20b1015 puppala koushik cs20b1019 sarigala chetan vivek naman vikram manikanth see detail post 1039 nov 22 ist neha agarw googl llc 1600 amphitheatr parkway mountain view ca 94043 usa email sent indic youd like receiv email notif googl classroom dont want receiv email like unsubscrib chang set,1
new announc fml follow student,neha agarw classroom,no-reply@classroom.google.com,notif set foundat machin learn 3rd year new announc fml follow student le attendancemeet tomorrow ch vivek naman vikram pratham balaji manikanth chirag n balaji mahesh ganesh rajesh see detail post 859 pm nov 21 ist neha agarw googl llc 1600 amphitheatr parkway mountain view ca 94043 usa email sent indic youd like receiv email notif googl classroom dont want receiv email like unsubscrib chang set,1
new announc dear lab exam,suresh chavhan classroom,no-reply@classroom.google.com,notif set comput network new announc dear lab exam thursday 9 12 pm batch 1 roll 1 15 time 900 950 student present lab 845 batch 2 roll 16 31 time 1000 1050 student present lab 950 batch 3 roll 32 43 time 1100 1150 student present lab 1050 best thank see detail post 417 pm nov 21 ist suresh chavhan googl llc 1600 amphitheatr parkway mountain view ca 94043 usa email sent indic youd like receiv email notif googl classroom dont want receiv email like unsubscrib chang set,1
last 4 day left prep cat speak 99iler whove done,unstop mentorship,noreply@dare2compete.news,hi shivanshu 120 minut 2 hour import 120 minut life one take away srk famou dialogu pep talk today 4 day left prep cat time one final push book 11 session one ace cat lastminut doubt stay calm exam hall need guidanc handl notsosimpl question lastminut worri connect 11 session mentor whove ace cat found place top colleg like iim xlri bell cat sunday expert guidanc side regard team unstop unsubscrib,0
last 4 day left prep cat speak 99iler whove done,unstop mentorship,noreply@dare2compete.news,hi shivanshu 120 minut 2 hour import 120 minut life one take away srk famou dialogu pep talk today 4 day left prep cat time one final push book 11 session one ace cat lastminut doubt stay calm exam hall need guidanc handl notsosimpl question lastminut worri connect 11 session mentor whove ace cat found place top colleg like iim xlri bell cat sunday expert guidanc side regard team unstop unsubscrib,0
last 4 day left prep cat speak 99iler whove done,unstop mentorship,noreply@dare2compete.news,hi shivanshu 120 minut 2 hour import 120 minut life one take away srk famou dialogu pep talk today 4 day left prep cat time one final push book 11 session one ace cat lastminut doubt stay calm exam hall need guidanc handl notsosimpl question lastminut worri connect 11 session mentor whove ace cat found place top colleg like iim xlri bell cat sunday expert guidanc side regard team unstop unsubscrib,0
fwd groww dunzo launchx hire colleg student throught contest,placement fic,fic.placement@iiitr.ac.in,forward messag job internship updat jobsandinternshipsupdatesgmailcom date mon nov 20 2023 1014 pm subject groww dunzo launchx hire colleg student throught contest job internship updat jobsandinternshipsupdatesgmailcom greet placement team excit opportun colleg student groww dunzo launchx hire internshipjob opportun groww dunzo launchx internship stipend groww r 55000 per month dunzo r 40000 per month launchx ctc upto 7 lpa open student work profess top 100 elig perform get interview opportun via weekend code contest date novemb 25 2023 time 630 pm colleg student particip contest registr link httpsbitly47kkr18 plea share colleg student appli soon possibl opportun close disclaim associ compani list share inform student inform kindli contact compani employ via linkedin bridg gap share offcampu opportun colleg student student join commun get latest updat job internship httpslinktreejobsandinternshipsupd thank regard job internship updat team,1
fwd groww dunzo launchx hire colleg student throught contest,placement fic,fic.placement@iiitr.ac.in,forward messag job internship updat jobsandinternshipsupdatesgmailcom date mon nov 20 2023 1014 pm subject groww dunzo launchx hire colleg student throught contest job internship updat jobsandinternshipsupdatesgmailcom greet placement team excit opportun colleg student groww dunzo launchx hire internshipjob opportun groww dunzo launchx internship stipend groww r 55000 per month dunzo r 40000 per month launchx ctc upto 7 lpa open student work profess top 100 elig perform get interview opportun via weekend code contest date novemb 25 2023 time 630 pm colleg student particip contest registr link httpsbitly47kkr18 plea share colleg student appli soon possibl opportun close disclaim associ compani list share inform student inform kindli contact compani employ via linkedin bridg gap share offcampu opportun colleg student student join commun get latest updat job internship httpslinktreejobsandinternshipsupd thank regard job internship updat team,1
fwd groww dunzo launchx hire colleg student throught contest,placement fic,fic.placement@iiitr.ac.in,forward messag job internship updat jobsandinternshipsupdatesgmailcom date mon nov 20 2023 1014 pm subject groww dunzo launchx hire colleg student throught contest job internship updat jobsandinternshipsupdatesgmailcom greet placement team excit opportun colleg student groww dunzo launchx hire internshipjob opportun groww dunzo launchx internship stipend groww r 55000 per month dunzo r 40000 per month launchx ctc upto 7 lpa open student work profess top 100 elig perform get interview opportun via weekend code contest date novemb 25 2023 time 630 pm colleg student particip contest registr link httpsbitly47kkr18 plea share colleg student appli soon possibl opportun close disclaim associ compani list share inform student inform kindli contact compani employ via linkedin bridg gap share offcampu opportun colleg student student join commun get latest updat job internship httpslinktreejobsandinternshipsupd thank regard job internship updat team,1
limit time offer 30 annual subscript,leetcod,no-reply@leetcode.com,celebr thanksgiv offer 30 annual premium subscript total 129 that 1075 per month use code thanks2023 checkout get leetcod premium unlock companyspecif question accur studi access premium content includ question explor card offici editori enjoy premium featur like interview simul autocomplet debugg lightn judg get addit discount highli rate cour 20 event leetcod interview crash cour data structur algorithm leetcod interview crash cour system design interview beyond act offer end 1159pm pst monday novemb 27 invest land dream job leetcod premium best leetcod team copyright 2023 leetcod right reserv 2023 leetcod llc right reserv unsubscrib,0
limit time offer 30 annual subscript,leetcod,no-reply@leetcode.com,celebr thanksgiv offer 30 annual premium subscript total 129 that 1075 per month use code thanks2023 checkout get leetcod premium unlock companyspecif question accur studi access premium content includ question explor card offici editori enjoy premium featur like interview simul autocomplet debugg lightn judg get addit discount highli rate cour 20 event leetcod interview crash cour data structur algorithm leetcod interview crash cour system design interview beyond act offer end 1159pm pst monday novemb 27 invest land dream job leetcod premium best leetcod team copyright 2023 leetcod right reserv 2023 leetcod llc right reserv unsubscrib,0
limit time offer 30 annual subscript,leetcod,no-reply@leetcode.com,celebr thanksgiv offer 30 annual premium subscript total 129 that 1075 per month use code thanks2023 checkout get leetcod premium unlock companyspecif question accur studi access premium content includ question explor card offici editori enjoy premium featur like interview simul autocomplet debugg lightn judg get addit discount highli rate cour 20 event leetcod interview crash cour data structur algorithm leetcod interview crash cour system design interview beyond act offer end 1159pm pst monday novemb 27 invest land dream job leetcod premium best leetcod team copyright 2023 leetcod right reserv 2023 leetcod llc right reserv unsubscrib,0
limit time offer 30 annual subscript,leetcod,no-reply@leetcode.com,,0
fwd announc internship therightdoctor,train placement cell iiit raichur,tnp@iiitr.ac.in,forward messag rhea khushi recruittherightdoctorscom date sat nov 18 2023 357 pm subject announc internship therightdoctor tnpiiitracin dear team greet happi announc vacanc internship per detail cse student 1 softwar develop mean stack 2 zohodelug develop 3 busi analyst other 1 busi analyst 2 busi develop 3 busi research 4 content research 5 content manag 6 youtub market 7 facebook market 8 digit market 9 video edit stipend vari inr 5000 five thousand rupe inr 10000 ten thousand per month per senior compet perform stipend paid end six month success complet candid put outstand perform elig bonu follow offer success complet internship login expect log eight hour everyday six day week flexibl choo hour log le daytoday basi excess hour bank expect log 1248 hour internship six month longer daili login le 8 hour taken leav one month deem complet login approx 200 hour time flexibl need one stretch durat 6 month locat remot note internship durat get extend take examsemerg look googl launchpad digit health product startup launchpad googl accel startup receiv usd 200000 platform credit two tranch recent octob 2019 part surg program see live websit current content piec videofocu showca insight world best medic mind global audienc test develop app drive adher doctorpati engag three intern recognit googl launchpad berlin bootcamp startupnetworkz singapor startup substanc still prealpha phase also nasscom showca startup recap key point 1 googl launchpad digit health product startup 2 opportun work erp grade zoho one suit 45 app oper process protocoldriven mirror best industri practic get licen softwar worth inr 5000 per month apart challeng project 3 small team one layer ceo cultur innov mindset fix mistak peopl 4 part next big opportun digit health nation prioriti 5 inten livework environ team driven 6 fantast learn opportun appli smart hardwork think great 7 appli work learn eat sleep repeat credo point life 8 research learn prece implement like document everyth mantra best way learn teach other team 9 harbor entrepreneuri dream place appli 1 avail durat 6 month 2 relev skill interest look evid except abil candid hungri hardwork plea mail cv attach exampl work cover note list suitabl internship text bodi mail attach recruittherightdoctorscom cc cstherightdoctorscom aryantherightdoctorscom follow subject platform assign hr name currentpursu qualif collegespecialti warm regard jay kumar 91 9123875638 team hr therightdoctor regard train placement cell चूर indian institut inform technolog raichur जी.इ.सी . ट्रांजिट कैंपस  यरमरस कैम्प gec transit campu  yeramaru camp रायचूर  कर्नाटक – ५८४१३५ raichur  karnataka – 584135,1
fwd announc internship therightdoctor,train placement cell iiit raichur,tnp@iiitr.ac.in,forward messag rhea khushi recruittherightdoctorscom date sat nov 18 2023 357 pm subject announc internship therightdoctor tnpiiitracin dear team greet happi announc vacanc internship per detail cse student 1 softwar develop mean stack 2 zohodelug develop 3 busi analyst other 1 busi analyst 2 busi develop 3 busi research 4 content research 5 content manag 6 youtub market 7 facebook market 8 digit market 9 video edit stipend vari inr 5000 five thousand rupe inr 10000 ten thousand per month per senior compet perform stipend paid end six month success complet candid put outstand perform elig bonu follow offer success complet internship login expect log eight hour everyday six day week flexibl choo hour log le daytoday basi excess hour bank expect log 1248 hour internship six month longer daili login le 8 hour taken leav one month deem complet login approx 200 hour time flexibl need one stretch durat 6 month locat remot note internship durat get extend take examsemerg look googl launchpad digit health product startup launchpad googl accel startup receiv usd 200000 platform credit two tranch recent octob 2019 part surg program see live websit current content piec videofocu showca insight world best medic mind global audienc test develop app drive adher doctorpati engag three intern recognit googl launchpad berlin bootcamp startupnetworkz singapor startup substanc still prealpha phase also nasscom showca startup recap key point 1 googl launchpad digit health product startup 2 opportun work erp grade zoho one suit 45 app oper process protocoldriven mirror best industri practic get licen softwar worth inr 5000 per month apart challeng project 3 small team one layer ceo cultur innov mindset fix mistak peopl 4 part next big opportun digit health nation prioriti 5 inten livework environ team driven 6 fantast learn opportun appli smart hardwork think great 7 appli work learn eat sleep repeat credo point life 8 research learn prece implement like document everyth mantra best way learn teach other team 9 harbor entrepreneuri dream place appli 1 avail durat 6 month 2 relev skill interest look evid except abil candid hungri hardwork plea mail cv attach exampl work cover note list suitabl internship text bodi mail attach recruittherightdoctorscom cc cstherightdoctorscom aryantherightdoctorscom follow subject platform assign hr name currentpursu qualif collegespecialti warm regard jay kumar 91 9123875638 team hr therightdoctor regard train placement cell चूर indian institut inform technolog raichur जी.इ.सी . ट्रांजिट कैंपस  यरमरस कैम्प gec transit campu  yeramaru camp रायचूर  कर्नाटक – ५८४१३५ raichur  karnataka – 584135,1
fwd announc internship therightdoctor,train placement cell iiit raichur,tnp@iiitr.ac.in,forward messag rhea khushi recruittherightdoctorscom date sat nov 18 2023 357 pm subject announc internship therightdoctor tnpiiitracin dear team greet happi announc vacanc internship per detail cse student 1 softwar develop mean stack 2 zohodelug develop 3 busi analyst other 1 busi analyst 2 busi develop 3 busi research 4 content research 5 content manag 6 youtub market 7 facebook market 8 digit market 9 video edit stipend vari inr 5000 five thousand rupe inr 10000 ten thousand per month per senior compet perform stipend paid end six month success complet candid put outstand perform elig bonu follow offer success complet internship login expect log eight hour everyday six day week flexibl choo hour log le daytoday basi excess hour bank expect log 1248 hour internship six month longer daili login le 8 hour taken leav one month deem complet login approx 200 hour time flexibl need one stretch durat 6 month locat remot note internship durat get extend take examsemerg look googl launchpad digit health product startup launchpad googl accel startup receiv usd 200000 platform credit two tranch recent octob 2019 part surg program see live websit current content piec videofocu showca insight world best medic mind global audienc test develop app drive adher doctorpati engag three intern recognit googl launchpad berlin bootcamp startupnetworkz singapor startup substanc still prealpha phase also nasscom showca startup recap key point 1 googl launchpad digit health product startup 2 opportun work erp grade zoho one suit 45 app oper process protocoldriven mirror best industri practic get licen softwar worth inr 5000 per month apart challeng project 3 small team one layer ceo cultur innov mindset fix mistak peopl 4 part next big opportun digit health nation prioriti 5 inten livework environ team driven 6 fantast learn opportun appli smart hardwork think great 7 appli work learn eat sleep repeat credo point life 8 research learn prece implement like document everyth mantra best way learn teach other team 9 harbor entrepreneuri dream place appli 1 avail durat 6 month 2 relev skill interest look evid except abil candid hungri hardwork plea mail cv attach exampl work cover note list suitabl internship text bodi mail attach recruittherightdoctorscom cc cstherightdoctorscom aryantherightdoctorscom follow subject platform assign hr name currentpursu qualif collegespecialti warm regard jay kumar 91 9123875638 team hr therightdoctor regard train placement cell चूर indian institut inform technolog raichur जी.इ.सी . ट्रांजिट कैंपस  यरमरस कैम्प gec transit campu  yeramaru camp रायचूर  कर्नाटक – ५८४१३५ raichur  karnataka – 584135,1
fwd internship opportun iiit raichur,train placement cell iiit raichur,tnp@iiitr.ac.in,forward messag dyumna madan dyumnabluelearnin date mon nov 20 2023 531 pm subject internship opportun iiit raichur tnpiiitracin greet iiit raichur follow role look hire plea note minimum cgpa requir appli look forward hire best talent plea forward student opportun 1 posit full stack develop stipend 17500 month skill requir mern stack nodej react j workspac remot link httpsappbluelearninwork10869mernstackfrontenddeveloperforanaisaasprojectczeaqd opportun 2 posit app develop stipend 7500 month skill requir javascript android develop aw workspac remot link httpsappbluelearninwork10799experiencedappdeveloperforouruniquestartupczeaqd opportun 3 posit flutter develop stipend 5000 month skill requir flutter rest api javascript workspac remot link httpsappbluelearninwork10848flutterdeveloperczeaqd opportun 4 posit blockchain develop stipend 4250 month skill requir blockchain solid foundri workspac remot link httpsappbluelearninwork10873acuriousblockchaindevoloperczeaqd opportun 5 posit digit market intern stipend 75000 month skill requir seo googl ad digit market workspac remot link httpsappbluelearninwork10804digitalmarketingfreelancerformyagencyczeaqd opportun 6 posit human resourc market intern stipend 10000 month skill requir leadership financ market workspac remot link httpsappbluelearninwork10829needanhrmarketinginternczeaqd opportun 7 posit video editor stipend 6500 month skill requir video edit workspac remot link httpsappbluelearninwork10849videoeditorforigreelsandytshortsczeaqd open email phone access seamless experi appli internship want question need assist plea feel free reach support team supportbluelearnin contact dyumnabluelearnin warm regard dyumna dyumna madan 91 7666462109 head talent acquisit bluelearn regard नन विभाग train & placement cell भारतीय सूचना प्रौद्योगिकी संस्थान रायचूर indian institut inform technolog raichur जी.इ.सी . ट्रांजिट कैंपस  यरमरस कैम्प gec transit campu  yeramaru camp रायचूर  कर्नाटक – ५८४१३५ raichur  karnataka – 584135,1
fwd internship opportun iiit raichur,train placement cell iiit raichur,tnp@iiitr.ac.in,forward messag dyumna madan dyumnabluelearnin date mon nov 20 2023 531 pm subject internship opportun iiit raichur tnpiiitracin greet iiit raichur follow role look hire plea note minimum cgpa requir appli look forward hire best talent plea forward student opportun 1 posit full stack develop stipend 17500 month skill requir mern stack nodej react j workspac remot link httpsappbluelearninwork10869mernstackfrontenddeveloperforanaisaasprojectczeaqd opportun 2 posit app develop stipend 7500 month skill requir javascript android develop aw workspac remot link httpsappbluelearninwork10799experiencedappdeveloperforouruniquestartupczeaqd opportun 3 posit flutter develop stipend 5000 month skill requir flutter rest api javascript workspac remot link httpsappbluelearninwork10848flutterdeveloperczeaqd opportun 4 posit blockchain develop stipend 4250 month skill requir blockchain solid foundri workspac remot link httpsappbluelearninwork10873acuriousblockchaindevoloperczeaqd opportun 5 posit digit market intern stipend 75000 month skill requir seo googl ad digit market workspac remot link httpsappbluelearninwork10804digitalmarketingfreelancerformyagencyczeaqd opportun 6 posit human resourc market intern stipend 10000 month skill requir leadership financ market workspac remot link httpsappbluelearninwork10829needanhrmarketinginternczeaqd opportun 7 posit video editor stipend 6500 month skill requir video edit workspac remot link httpsappbluelearninwork10849videoeditorforigreelsandytshortsczeaqd open email phone access seamless experi appli internship want question need assist plea feel free reach support team supportbluelearnin contact dyumnabluelearnin warm regard dyumna dyumna madan 91 7666462109 head talent acquisit bluelearn regard नन विभाग train & placement cell भारतीय सूचना प्रौद्योगिकी संस्थान रायचूर indian institut inform technolog raichur जी.इ.सी . ट्रांजिट कैंपस  यरमरस कैम्प gec transit campu  yeramaru camp रायचूर  कर्नाटक – ५८४१३५ raichur  karnataka – 584135,1
fwd internship opportun iiit raichur,train placement cell iiit raichur,tnp@iiitr.ac.in,forward messag dyumna madan dyumnabluelearnin date mon nov 20 2023 531 pm subject internship opportun iiit raichur tnpiiitracin greet iiit raichur follow role look hire plea note minimum cgpa requir appli look forward hire best talent plea forward student opportun 1 posit full stack develop stipend 17500 month skill requir mern stack nodej react j workspac remot link httpsappbluelearninwork10869mernstackfrontenddeveloperforanaisaasprojectczeaqd opportun 2 posit app develop stipend 7500 month skill requir javascript android develop aw workspac remot link httpsappbluelearninwork10799experiencedappdeveloperforouruniquestartupczeaqd opportun 3 posit flutter develop stipend 5000 month skill requir flutter rest api javascript workspac remot link httpsappbluelearninwork10848flutterdeveloperczeaqd opportun 4 posit blockchain develop stipend 4250 month skill requir blockchain solid foundri workspac remot link httpsappbluelearninwork10873acuriousblockchaindevoloperczeaqd opportun 5 posit digit market intern stipend 75000 month skill requir seo googl ad digit market workspac remot link httpsappbluelearninwork10804digitalmarketingfreelancerformyagencyczeaqd opportun 6 posit human resourc market intern stipend 10000 month skill requir leadership financ market workspac remot link httpsappbluelearninwork10829needanhrmarketinginternczeaqd opportun 7 posit video editor stipend 6500 month skill requir video edit workspac remot link httpsappbluelearninwork10849videoeditorforigreelsandytshortsczeaqd open email phone access seamless experi appli internship want question need assist plea feel free reach support team supportbluelearnin contact dyumnabluelearnin warm regard dyumna dyumna madan 91 7666462109 head talent acquisit bluelearn regard नन विभाग train & placement cell भारतीय सूचना प्रौद्योगिकी संस्थान रायचूर indian institut inform technolog raichur जी.इ.सी . ट्रांजिट कैंपस  यरमरस कैम्प gec transit campu  yeramaru camp रायचूर  कर्नाटक – ५८४१३५ raichur  karnataka – 584135,1
request project discu meet,,Ayan.Debnath@in.bosch.com,good afternoon sir name santosh dodhi enrol ai health care cour offer bosch iiit raichur reach request brief meet discu intricaci project electron health record analysi could plea inform u suitabl time meet accord conveni flexibl adjust schedul accordingli team member shivanshu gupta cs21b1027 nirdesh gothania cs21b1016 santosh dodhi cs21b1025 topic electron health record analysi thank consid request look forward respon best regard santosh dodhi cs21b1025 iiit raichur,1
request project discu meet,,Ayan.Debnath@in.bosch.com,good afternoon sir name santosh dodhi enrol ai health care cour offer bosch iiit raichur reach request brief meet discu intricaci project electron health record analysi could plea inform u suitabl time meet accord conveni flexibl adjust schedul accordingli team member shivanshu gupta cs21b1027 nirdesh gothania cs21b1016 santosh dodhi cs21b1025 topic electron health record analysi thank consid request look forward respon best regard santosh dodhi cs21b1025 iiit raichur,1
request project discu meet,,Ayan.Debnath@in.bosch.com,good afternoon sir name santosh dodhi enrol ai health care cour offer bosch iiit raichur reach request brief meet discu intricaci project electron health record analysi could plea inform u suitabl time meet accord conveni flexibl adjust schedul accordingli team member shivanshu gupta cs21b1027 nirdesh gothania cs21b1016 santosh dodhi cs21b1025 topic electron health record analysi thank consid request look forward respon best regard santosh dodhi cs21b1025 iiit raichur,1
due tomorrow assign 3,neha agarw classroom,no-reply@classroom.google.com,notif set foundat machin learn 3rd year due tomorrow assign 3 take dataset compar result five cluster algorithm give proper explan visual dataset algorithm provid better result due nov 20 view assign googl llc 1600 amphitheatr parkway mountain view ca 94043 usa email sent indic youd like receiv email notif googl classroom dont want receiv email like unsubscrib chang set,1
due tomorrow assign 3,neha agarw classroom,no-reply@classroom.google.com,notif set foundat machin learn 3rd year due tomorrow assign 3 take dataset compar result five cluster algorithm give proper explan visual dataset algorithm provid better result due nov 20 view assign googl llc 1600 amphitheatr parkway mountain view ca 94043 usa email sent indic youd like receiv email notif googl classroom dont want receiv email like unsubscrib chang set,1
due tomorrow assign 3,neha agarw classroom,no-reply@classroom.google.com,notif set foundat machin learn 3rd year due tomorrow assign 3 take dataset compar result five cluster algorithm give proper explan visual dataset algorithm provid better result due nov 20 view assign googl llc 1600 amphitheatr parkway mountain view ca 94043 usa email sent indic youd like receiv email notif googl classroom dont want receiv email like unsubscrib chang set,1
gentl remind,fine iiitr via student,students@iiitr.ac.in,venu chang classroom1from 600 pm 810 pm wed 15 nov 2023 431 pm fine iiitr finessestudentsiiitracin wrote hello everyon hope messag find well excit news share regard confess dare challeng respon numer request weve decid extend deadlin submit confess dare challeng 10 pm tomorrow share confess dare friendsher link dont miss opportun spice fun excit take advantag extend deadlin submit confess dare challeng clock strike 10 pm tomorrow thank enthusiasm particip look forward see creativ dare confess challeng fine club member thank regard fine club iiit raichur tue nov 14 2023 123 fine iiitr finessestudentsiiitracin wrote hey everyon hope messag find well fine club thrill announc anoth excit session confess dare challeng join u relax time share confess dare anyon wantal spirit spread joy fun event schedul saturday 18th novemb 2023 600 pm 800 pm seminar hall share confess u use link plea note form stop accept respon 15th novemb 2023 500 pm sorri inconveni cau previou mail rest assur respon kept complet anonym look forward massiv particip student commun iiitr thank regard fine club iiit raichur,1
gentl remind,fine iiitr via student,students@iiitr.ac.in,venu chang classroom1from 600 pm 810 pm wed 15 nov 2023 431 pm fine iiitr finessestudentsiiitracin wrote hello everyon hope messag find well excit news share regard confess dare challeng respon numer request weve decid extend deadlin submit confess dare challeng 10 pm tomorrow share confess dare friendsher link dont miss opportun spice fun excit take advantag extend deadlin submit confess dare challeng clock strike 10 pm tomorrow thank enthusiasm particip look forward see creativ dare confess challeng fine club member thank regard fine club iiit raichur tue nov 14 2023 123 fine iiitr finessestudentsiiitracin wrote hey everyon hope messag find well fine club thrill announc anoth excit session confess dare challeng join u relax time share confess dare anyon wantal spirit spread joy fun event schedul saturday 18th novemb 2023 600 pm 800 pm seminar hall share confess u use link plea note form stop accept respon 15th novemb 2023 500 pm sorri inconveni cau previou mail rest assur respon kept complet anonym look forward massiv particip student commun iiitr thank regard fine club iiit raichur,1
gentl remind,fine iiitr via student,students@iiitr.ac.in,venu chang classroom1from 600 pm 810 pm wed 15 nov 2023 431 pm fine iiitr finessestudentsiiitracin wrote hello everyon hope messag find well excit news share regard confess dare challeng respon numer request weve decid extend deadlin submit confess dare challeng 10 pm tomorrow share confess dare friendsher link dont miss opportun spice fun excit take advantag extend deadlin submit confess dare challeng clock strike 10 pm tomorrow thank enthusiasm particip look forward see creativ dare confess challeng fine club member thank regard fine club iiit raichur tue nov 14 2023 123 fine iiitr finessestudentsiiitracin wrote hey everyon hope messag find well fine club thrill announc anoth excit session confess dare challeng join u relax time share confess dare anyon wantal spirit spread joy fun event schedul saturday 18th novemb 2023 600 pm 800 pm seminar hall share confess u use link plea note form stop accept respon 15th novemb 2023 500 pm sorri inconveni cau previou mail rest assur respon kept complet anonym look forward massiv particip student commun iiitr thank regard fine club iiit raichur,1
gentl remind,fine iiitr via student,students@iiitr.ac.in,,1
comment daa end sem lab 24 nov,koushik puppala classroom,no-reply@classroom.google.com,,1
comment daa end sem lab 24 nov,koushik puppala classroom,no-reply@classroom.google.com,,1
join plasticfr campu cleanli drive today 4 pm,n iiit raichur,nss@iiitr.ac.in,gentl remind,0
join plasticfr campu cleanli drive today 4 pm,n iiit raichur,nss@iiitr.ac.in,gentl remind,0
exclu upskil program iiit raichur student,wissenair iit bhubaneswar,wissenaireiitbhubaneswarcell@gmail.com,dear student iiit raichur ug 2021 batch thrill reach share except opportun kickstart academ journey iiit raichur power advantag introduc upskil career program distinct collabor teachnook iit bhubaneswar wissenair iit bombay ecel design empow success futur inten twomonth program offer immer industri project inspir growth certif iit bhubaneswar wissenair valid achiev profess mentorship fuel career aspir join dedic whatsapp group access comprehen program insight connect peer share drive httpschatwhatsappcombmly78gkbxsijwhn7m41t readi seiz opportun enrol pave way promi career httpsdocsgooglecomformsde1faipqlsdqhjcbe18khqpkqmgpuprlrdqmilsf0eiex06qn1ty4iyr0gviewformuspsflink best regard teachnook iit bhubaneswar wissenair,0
exclu upskil program iiit raichur student,wissenair iit bhubaneswar,wissenaireiitbhubaneswarcell@gmail.com,dear student iiit raichur ug 2021 batch thrill reach share except opportun kickstart academ journey iiit raichur power advantag introduc upskil career program distinct collabor teachnook iit bhubaneswar wissenair iit bombay ecel design empow success futur inten twomonth program offer immer industri project inspir growth certif iit bhubaneswar wissenair valid achiev profess mentorship fuel career aspir join dedic whatsapp group access comprehen program insight connect peer share drive httpschatwhatsappcombmly78gkbxsijwhn7m41t readi seiz opportun enrol pave way promi career httpsdocsgooglecomformsde1faipqlsdqhjcbe18khqpkqmgpuprlrdqmilsf0eiex06qn1ty4iyr0gviewformuspsflink best regard teachnook iit bhubaneswar wissenair,0
exclu upskil program iiit raichur student,wissenair iit bhubaneswar,wissenaireiitbhubaneswarcell@gmail.com,dear student iiit raichur ug 2021 batch thrill reach share except opportun kickstart academ journey iiit raichur power advantag introduc upskil career program distinct collabor teachnook iit bhubaneswar wissenair iit bombay ecel design empow success futur inten twomonth program offer immer industri project inspir growth certif iit bhubaneswar wissenair valid achiev profess mentorship fuel career aspir join dedic whatsapp group access comprehen program insight connect peer share drive httpschatwhatsappcombmly78gkbxsijwhn7m41t readi seiz opportun enrol pave way promi career httpsdocsgooglecomformsde1faipqlsdqhjcbe18khqpkqmgpuprlrdqmilsf0eiex06qn1ty4iyr0gviewformuspsflink best regard teachnook iit bhubaneswar wissenair,0
new announc daa end sem lab 24 nov,anubhav singh classroom,no-reply@classroom.google.com,notif set daa lab batch 2022 3rd sem new announc daa end sem lab 24 nov issu kindli messag ta p topicsmajorli topic mid sem see detail post 1252 pm nov 18 ist anubhav singh googl llc 1600 amphitheatr parkway mountain view ca 94043 usa email sent indic youd like receiv email notif googl classroom dont want receiv email like unsubscrib chang set,1
new announc daa end sem lab 24 nov,anubhav singh classroom,no-reply@classroom.google.com,notif set daa lab batch 2022 3rd sem new announc daa end sem lab 24 nov issu kindli messag ta p topicsmajorli topic mid sem see detail post 1252 pm nov 18 ist anubhav singh googl llc 1600 amphitheatr parkway mountain view ca 94043 usa email sent indic youd like receiv email notif googl classroom dont want receiv email like unsubscrib chang set,1
new announc daa end sem lab 24 nov,anubhav singh classroom,no-reply@classroom.google.com,notif set daa lab batch 2022 3rd sem new announc daa end sem lab 24 nov issu kindli messag ta p topicsmajorli topic mid sem see detail post 1252 pm nov 18 ist anubhav singh googl llc 1600 amphitheatr parkway mountain view ca 94043 usa email sent indic youd like receiv email notif googl classroom dont want receiv email like unsubscrib chang set,1
googl hire softwar engin 20 lpa,jobsgoogl,noreply@dare2compete.news,hi shivanshu googl current look softwar engin review code develop develop provid feedback ensur best practic eg style guidelin check code accuraci testabl effici also contribut exist document educ content adapt content base productprogram updat user feedback salari inr 20 lakh via glassdoor appli regard team unstop unsubscrib,0
googl hire softwar engin 20 lpa,jobsgoogl,noreply@dare2compete.news,hi shivanshu googl current look softwar engin review code develop develop provid feedback ensur best practic eg style guidelin check code accuraci testabl effici also contribut exist document educ content adapt content base productprogram updat user feedback salari inr 20 lakh via glassdoor appli regard team unstop unsubscrib,0
googl hire softwar engin 20 lpa,jobsgoogl,noreply@dare2compete.news,hi shivanshu googl current look softwar engin review code develop develop provid feedback ensur best practic eg style guidelin check code accuraci testabl effici also contribut exist document educ content adapt content base productprogram updat user feedback salari inr 20 lakh via glassdoor appli regard team unstop unsubscrib,0
new announc tomorrow weekli lab cancel,anubhav singh classroom,no-reply@classroom.google.com,notif set itp lab 2023 cse new announc tomorrow weekli lab cancel see detail post 851 pm nov 17 ist anubhav singh googl llc 1600 amphitheatr parkway mountain view ca 94043 usa email sent indic youd like receiv email notif googl classroom dont want receiv email like unsubscrib chang set,1
new announc tomorrow weekli lab cancel,anubhav singh classroom,no-reply@classroom.google.com,notif set itp lab 2023 cse new announc tomorrow weekli lab cancel see detail post 851 pm nov 17 ist anubhav singh googl llc 1600 amphitheatr parkway mountain view ca 94043 usa email sent indic youd like receiv email notif googl classroom dont want receiv email like unsubscrib chang set,1
new announc tomorrow weekli lab cancel,anubhav singh classroom,no-reply@classroom.google.com,notif set itp lab 2023 cse new announc tomorrow weekli lab cancel see detail post 851 pm nov 17 ist anubhav singh googl llc 1600 amphitheatr parkway mountain view ca 94043 usa email sent indic youd like receiv email notif googl classroom dont want receiv email like unsubscrib chang set,1
unit 2023 wrapup get full download,uniti technolog,unite@unity3d.com,view browser hi shivanshu that wrap couldnt make amsterdam unit 2023 dont worri weve publish full recap event uniti blog check highlight unit 2023 keynot uniti 6 latest version uniti editor come major perform enhanc accel multiplay game creation scale ai tool help creat faster featur support mobil vr devic uniti cloud new front door uniti ecosystem give instant access uniti asset manag uniti devop central team administr editor integr improv dashboard ui uniti muse uniti sent aidriven solut support streamlin creation open new horizon game design play check tech commun updat uniti award find studio asset creator content creator came top 15th anniversari uniti award urp sampl project explor develop scale configur graphic multiplatform project uniti 2022 lt competit multiplay templat quickstart multiplay game netcod gameobject packag new templat uniti game servic learn sincer uniti team uniti technolog 30 3rd street san francisco ca 94103 unit state email intend cs21b1027iiitracin receiv email opt market activ uniti alway updat prefer unsubscrib privaci polici term condit copyright uniti technolog 2023,0
unit 2023 wrapup get full download,uniti technolog,unite@unity3d.com,view browser hi shivanshu that wrap couldnt make amsterdam unit 2023 dont worri weve publish full recap event uniti blog check highlight unit 2023 keynot uniti 6 latest version uniti editor come major perform enhanc accel multiplay game creation scale ai tool help creat faster featur support mobil vr devic uniti cloud new front door uniti ecosystem give instant access uniti asset manag uniti devop central team administr editor integr improv dashboard ui uniti muse uniti sent aidriven solut support streamlin creation open new horizon game design play check tech commun updat uniti award find studio asset creator content creator came top 15th anniversari uniti award urp sampl project explor develop scale configur graphic multiplatform project uniti 2022 lt competit multiplay templat quickstart multiplay game netcod gameobject packag new templat uniti game servic learn sincer uniti team uniti technolog 30 3rd street san francisco ca 94103 unit state email intend cs21b1027iiitracin receiv email opt market activ uniti alway updat prefer unsubscrib privaci polici term condit copyright uniti technolog 2023,0
unit 2023 wrapup get full download,uniti technolog,unite@unity3d.com,view browser hi shivanshu that wrap couldnt make amsterdam unit 2023 dont worri weve publish full recap event uniti blog check highlight unit 2023 keynot uniti 6 latest version uniti editor come major perform enhanc accel multiplay game creation scale ai tool help creat faster featur support mobil vr devic uniti cloud new front door uniti ecosystem give instant access uniti asset manag uniti devop central team administr editor integr improv dashboard ui uniti muse uniti sent aidriven solut support streamlin creation open new horizon game design play check tech commun updat uniti award find studio asset creator content creator came top 15th anniversari uniti award urp sampl project explor develop scale configur graphic multiplatform project uniti 2022 lt competit multiplay templat quickstart multiplay game netcod gameobject packag new templat uniti game servic learn sincer uniti team uniti technolog 30 3rd street san francisco ca 94103 unit state email intend cs21b1027iiitracin receiv email opt market activ uniti alway updat prefer unsubscrib privaci polici term condit copyright uniti technolog 2023,0
engin want,unstop pro,noreply@dare2compete.news,hey champ well that onelin brief content writer got ask write mail better googl ask that know technic knowledg stronger commun competit modern skill get unstop pro dive realworld project top compani like netflix bcg amazon gain technic knowledg languag cour like c java python doesnt want code yoda side learn industri expert microsoft walmart mckinsey masterclass enjoy exclu discount mentorship nail code assign secret weapon solut make go ahha also get reward worth inr 7200 includ ottplay subscript coupon top brand bombay shave compani puma giva snitch time shift time go pro httpsunstopcompro regard team unstop pro unsubscrib,0
engin want,unstop pro,noreply@dare2compete.news,hey champ well that onelin brief content writer got ask write mail better googl ask that know technic knowledg stronger commun competit modern skill get unstop pro dive realworld project top compani like netflix bcg amazon gain technic knowledg languag cour like c java python doesnt want code yoda side learn industri expert microsoft walmart mckinsey masterclass enjoy exclu discount mentorship nail code assign secret weapon solut make go ahha also get reward worth inr 7200 includ ottplay subscript coupon top brand bombay shave compani puma giva snitch time shift time go pro httpsunstopcompro regard team unstop pro unsubscrib,0
fwd hire opportun student,placement fic,fic.placement@iiitr.ac.in,forward messag job internship updat jobsandinternshipsupdatesgmailcom date tue nov 14 2023 1151 pm subject hire opportun student job internship updat jobsandinternshipsupdatesgmailcom greet placement team gfg along u conduct hire challeng candid look job opportun appli link httpsbitly3mfzvhf batch 2025 2024 2023 2022 2021 passout hire opportun colleg student particip detail test follow date time novemb 21st 2023 8 pm durat 25 hour test follow format 3 dsa code problem 100 mark 5 mcq program logic 25 mark 5 mcq logic reason 25 mark 5 mcq quantit aptitud 25 mark plea share colleg student appli soon possibl opportun close disclaim associ compani list share inform student inform kindli contact compani employ via linkedin bridg gap share offcampu opportun colleg student student join commun get latest updat job internship httpslinktreejobsandinternshipsupd thank regard job internship updat team,1
fwd hire opportun student,placement fic,fic.placement@iiitr.ac.in,forward messag job internship updat jobsandinternshipsupdatesgmailcom date tue nov 14 2023 1151 pm subject hire opportun student job internship updat jobsandinternshipsupdatesgmailcom greet placement team gfg along u conduct hire challeng candid look job opportun appli link httpsbitly3mfzvhf batch 2025 2024 2023 2022 2021 passout hire opportun colleg student particip detail test follow date time novemb 21st 2023 8 pm durat 25 hour test follow format 3 dsa code problem 100 mark 5 mcq program logic 25 mark 5 mcq logic reason 25 mark 5 mcq quantit aptitud 25 mark plea share colleg student appli soon possibl opportun close disclaim associ compani list share inform student inform kindli contact compani employ via linkedin bridg gap share offcampu opportun colleg student student join commun get latest updat job internship httpslinktreejobsandinternshipsupd thank regard job internship updat team,1
fwd hire opportun student,placement fic,fic.placement@iiitr.ac.in,forward messag job internship updat jobsandinternshipsupdatesgmailcom date tue nov 14 2023 1151 pm subject hire opportun student job internship updat jobsandinternshipsupdatesgmailcom greet placement team gfg along u conduct hire challeng candid look job opportun appli link httpsbitly3mfzvhf batch 2025 2024 2023 2022 2021 passout hire opportun colleg student particip detail test follow date time novemb 21st 2023 8 pm durat 25 hour test follow format 3 dsa code problem 100 mark 5 mcq program logic 25 mark 5 mcq logic reason 25 mark 5 mcq quantit aptitud 25 mark plea share colleg student appli soon possibl opportun close disclaim associ compani list share inform student inform kindli contact compani employ via linkedin bridg gap share offcampu opportun colleg student student join commun get latest updat job internship httpslinktreejobsandinternshipsupd thank regard job internship updat team,1
fwd climat sustain hackathon collabor cloudera amd hackerearth platform,placement fic,fic.placement@iiitr.ac.in,forward messag job internship updat jobsandinternshipsupdatesgmailcom date wed nov 15 2023 1118 pm subject climat sustain hackathon collabor cloudera amd hackerearth platform job internship updat jobsandinternshipsupdatesgmailcom greet team im thrill invit climat sustain hackathon collabor cloudera amd hackerearth platform hackathon climat sustain hackathon cloudera amd develop ml project solv environ challeng use cloudera machin learn amd hardwar open sourc data technolog amp fulli built endtoend ml solut project serv exampl data scientist must endtoend solut code data ingest wrangl model train deploy commun result via web app creat appli ml prototyp amp focu climat sustain challeng use opensourc data amp deploy singl click built public github repositori amp provid framework build deploy monitor ml applic project endtoend solut code data ingest wrangl model train deploy commun result via web app registr link httpsphckrejjxx join hackathon win amaz pool prize prize 1st place usd 800 2nd place usd 4000 3rd place usd 2000 addit prize standout submiss join u chanc tackl environ challeng endtoend machin learn project whether your solo coder love collabor cloudera machin learn amd hardwar await empow potent comput groundbreak innov readi make differ regist incr opportun plea share colleg student appli soon possibl opportun close thank regard job internship updat team,1
fwd climat sustain hackathon collabor cloudera amd hackerearth platform,placement fic,fic.placement@iiitr.ac.in,forward messag job internship updat jobsandinternshipsupdatesgmailcom date wed nov 15 2023 1118 pm subject climat sustain hackathon collabor cloudera amd hackerearth platform job internship updat jobsandinternshipsupdatesgmailcom greet team im thrill invit climat sustain hackathon collabor cloudera amd hackerearth platform hackathon climat sustain hackathon cloudera amd develop ml project solv environ challeng use cloudera machin learn amd hardwar open sourc data technolog amp fulli built endtoend ml solut project serv exampl data scientist must endtoend solut code data ingest wrangl model train deploy commun result via web app creat appli ml prototyp amp focu climat sustain challeng use opensourc data amp deploy singl click built public github repositori amp provid framework build deploy monitor ml applic project endtoend solut code data ingest wrangl model train deploy commun result via web app registr link httpsphckrejjxx join hackathon win amaz pool prize prize 1st place usd 800 2nd place usd 4000 3rd place usd 2000 addit prize standout submiss join u chanc tackl environ challeng endtoend machin learn project whether your solo coder love collabor cloudera machin learn amd hardwar await empow potent comput groundbreak innov readi make differ regist incr opportun plea share colleg student appli soon possibl opportun close thank regard job internship updat team,1
fwd climat sustain hackathon collabor cloudera amd hackerearth platform,placement fic,fic.placement@iiitr.ac.in,forward messag job internship updat jobsandinternshipsupdatesgmailcom date wed nov 15 2023 1118 pm subject climat sustain hackathon collabor cloudera amd hackerearth platform job internship updat jobsandinternshipsupdatesgmailcom greet team im thrill invit climat sustain hackathon collabor cloudera amd hackerearth platform hackathon climat sustain hackathon cloudera amd develop ml project solv environ challeng use cloudera machin learn amd hardwar open sourc data technolog amp fulli built endtoend ml solut project serv exampl data scientist must endtoend solut code data ingest wrangl model train deploy commun result via web app creat appli ml prototyp amp focu climat sustain challeng use opensourc data amp deploy singl click built public github repositori amp provid framework build deploy monitor ml applic project endtoend solut code data ingest wrangl model train deploy commun result via web app registr link httpsphckrejjxx join hackathon win amaz pool prize prize 1st place usd 800 2nd place usd 4000 3rd place usd 2000 addit prize standout submiss join u chanc tackl environ challeng endtoend machin learn project whether your solo coder love collabor cloudera machin learn amd hardwar await empow potent comput groundbreak innov readi make differ regist incr opportun plea share colleg student appli soon possibl opportun close thank regard job internship updat team,1
fwd gauthexpert hire freelanc physic expert work anywh anytim,placement fic,fic.placement@iiitr.ac.in,forward messag gauthexpert gauthexpertnoreplymailgauthexpertcom date thu nov 16 2023 1030 subject gauthexpert hire freelanc physic expert work anywh anytim ficplacementiiitracin dear madamsir greet day u gauthexpert global platform popular app among math tutor enabl individu abil turn mathemat knowledg fortun 100000 user world goal help million math tutor worldwid earn money share mathemat knowledg request current seek collegelevel student solv physic problem free time solv 1020 question per conveni work anywh anytim help learner across globe great opportun student hone skill physic expert certainli learn mani thing earn fee problem kindli request support share attach pdf among student read inform program fill googl form googl form link insid pdf provid refer httpsformsgle41ogao3fc7kumjmc6 sincer thank time consid support mission question concern plea write back u regard gauthexpert team,1
fwd gauthexpert hire freelanc physic expert work anywh anytim,placement fic,fic.placement@iiitr.ac.in,forward messag gauthexpert gauthexpertnoreplymailgauthexpertcom date thu nov 16 2023 1030 subject gauthexpert hire freelanc physic expert work anywh anytim ficplacementiiitracin dear madamsir greet day u gauthexpert global platform popular app among math tutor enabl individu abil turn mathemat knowledg fortun 100000 user world goal help million math tutor worldwid earn money share mathemat knowledg request current seek collegelevel student solv physic problem free time solv 1020 question per conveni work anywh anytim help learner across globe great opportun student hone skill physic expert certainli learn mani thing earn fee problem kindli request support share attach pdf among student read inform program fill googl form googl form link insid pdf provid refer httpsformsgle41ogao3fc7kumjmc6 sincer thank time consid support mission question concern plea write back u regard gauthexpert team,1
fwd gauthexpert hire freelanc physic expert work anywh anytim,placement fic,fic.placement@iiitr.ac.in,forward messag gauthexpert gauthexpertnoreplymailgauthexpertcom date thu nov 16 2023 1030 subject gauthexpert hire freelanc physic expert work anywh anytim ficplacementiiitracin dear madamsir greet day u gauthexpert global platform popular app among math tutor enabl individu abil turn mathemat knowledg fortun 100000 user world goal help million math tutor worldwid earn money share mathemat knowledg request current seek collegelevel student solv physic problem free time solv 1020 question per conveni work anywh anytim help learner across globe great opportun student hone skill physic expert certainli learn mani thing earn fee problem kindli request support share attach pdf among student read inform program fill googl form googl form link insid pdf provid refer httpsformsgle41ogao3fc7kumjmc6 sincer thank time consid support mission question concern plea write back u regard gauthexpert team,1
fwd amar ujala hire colleg student,train placement cell iiit raichur,tnp@iiitr.ac.in,forward messag job internship updat jobsandinternshipsupdatesgmailcom date fri nov 17 2023 1243 subject amar ujala hire colleg student job internship updat jobsandinternshipsupdatesgmailcom greet placement team excit opportun colleg student chanc cea job amar ujala via code contest top 50 scorer get chanc freez placement interview opportun chanc via weekend code contest date novemb 18 2023 time 630 pm colleg student particip contest registr link httpsbitlyjobcontest plea share colleg student appli soon possibl opportun close disclaim associ compani list share inform student inform kindli contact compani employ via linkedin bridg gap share offcampu opportun colleg student student join commun get latest updat job internship httpslinktreejobsandinternshipsupd thank regard job internship updat team regard train placement cell indian institut inform technolog raichur gec transit campu yeramaru camp raichur karnataka 584135,1
fwd amar ujala hire colleg student,train placement cell iiit raichur,tnp@iiitr.ac.in,forward messag job internship updat jobsandinternshipsupdatesgmailcom date fri nov 17 2023 1243 subject amar ujala hire colleg student job internship updat jobsandinternshipsupdatesgmailcom greet placement team excit opportun colleg student chanc cea job amar ujala via code contest top 50 scorer get chanc freez placement interview opportun chanc via weekend code contest date novemb 18 2023 time 630 pm colleg student particip contest registr link httpsbitlyjobcontest plea share colleg student appli soon possibl opportun close disclaim associ compani list share inform student inform kindli contact compani employ via linkedin bridg gap share offcampu opportun colleg student student join commun get latest updat job internship httpslinktreejobsandinternshipsupd thank regard job internship updat team regard train placement cell indian institut inform technolog raichur gec transit campu yeramaru camp raichur karnataka 584135,1
fwd amar ujala hire colleg student,train placement cell iiit raichur,nan,,1
new gdsc global event test ne,gdsc event platform,noreply@gdsc.community.dev,googl develop student club gdsc global view browser hi shivanshu check next event test ne date time thu nov 16 100 pm est add googl outlook ical yahoo event hello hello hope see rsvp receiv email sign member googl develop student club chang email prefer visit gdsc global leav group unsubscrib unsubscrib messag clip view entir messag,1
new gdsc global event test ne,gdsc event platform,noreply@gdsc.community.dev,googl develop student club gdsc global view browser hi shivanshu check next event test ne date time thu nov 16 100 pm est add googl outlook ical yahoo event hello hello hope see rsvp receiv email sign member googl develop student club chang email prefer visit gdsc global leav group unsubscrib unsubscrib messag clip view entir messag,0
new gdsc global event test ne,gdsc event platform,noreply@gdsc.community.dev,googl develop student club gdsc global view browser hi shivanshu check next event test ne date time thu nov 16 100 pm est add googl outlook ical yahoo event hello hello hope see rsvp receiv email sign member googl develop student club chang email prefer visit gdsc global leav group unsubscrib unsubscrib messag clip view entir messag,0
new assign assign 3,neha agarw classroom,no-reply@classroom.google.com,notif set foundat machin learn 3rd year new assign assign 3 take dataset compar result five cluster algorithm give proper explan visual dataset algorithm provid better result due nov 20 see detail post 350 pm nov 16 ist neha agarw googl llc 1600 amphitheatr parkway mountain view ca 94043 usa email sent indic youd like receiv email notif googl classroom dont want receiv email like unsubscrib chang set,1
new assign assign 3,neha agarw classroom,no-reply@classroom.google.com,notif set foundat machin learn 3rd year new assign assign 3 take dataset compar result five cluster algorithm give proper explan visual dataset algorithm provid better result due nov 20 see detail post 350 pm nov 16 ist neha agarw googl llc 1600 amphitheatr parkway mountain view ca 94043 usa email sent indic youd like receiv email notif googl classroom dont want receiv email like unsubscrib chang set,1
new assign assign 3,neha agarw classroom,no-reply@classroom.google.com,notif set foundat machin learn 3rd year new assign assign 3 take dataset compar result five cluster algorithm give proper explan visual dataset algorithm provid better result due nov 20 see detail post 350 pm nov 16 ist neha agarw googl llc 1600 amphitheatr parkway mountain view ca 94043 usa email sent indic youd like receiv email notif googl classroom dont want receiv email like unsubscrib chang set,1
regard ai healthcar project,,Desika.Selvaraj@in.bosch.com,dear srinitha plea sync santosh dodhi cs21b1025iiitracin shivanshu gupta cs21b1027iiitracin nirdesh gothania cs21b1016iiitracin alreadi first round discu regard action item day left project execut would recommend sync complet data explor post combin session tomorrow 2 pm 230 pm mit freundlichen gren best regard selvaraj desika global project sxedsdl11 robert bosch gmbh postfach 10 60 50 70049 stuttgart germani wwwboschcom tel 91 80 66572104 fax 91 80 66170711 desikaselvarajinboschcom regist offic stuttgart registr court amtsgericht stuttgart hrb 14000 chairman supervisori board prof dr stefan asenkerschbaum manag director dr stefan hartung dr christian fischer dr marku forschner stefan grosch dr marku heyn dr tanja rckert beerelli srinitha cs20b1004iiitracin sent wednesday novemb 15 2023 1202 pm desika selvaraj sxetl3 desikaselvarajinboschcom ayan debnath sxehc1 ayandebnathinboschcom cc sikand kathat cs20b1020iiitracin cs21b1005iiitracin cs21b1018iiitracin subject regard ai healthcar project respect sir maam hope email find well srinitha iiit raichur assign project call skin cancer malign mole classif mentor thu request kindli provid u feasibl time slot discu regard project guidanc regard hope hear soon thank regard beerelli srinitha,1
regard ai healthcar project,,Desika.Selvaraj@in.bosch.com,dear srinitha plea sync santosh dodhi cs21b1025iiitracin shivanshu gupta cs21b1027iiitracin nirdesh gothania cs21b1016iiitracin alreadi first round discu regard action item day left project execut would recommend sync complet data explor post combin session tomorrow 2 pm 230 pm mit freundlichen gren best regard selvaraj desika global project sxedsdl11 robert bosch gmbh postfach 10 60 50 70049 stuttgart germani wwwboschcom tel 91 80 66572104 fax 91 80 66170711 desikaselvarajinboschcom regist offic stuttgart registr court amtsgericht stuttgart hrb 14000 chairman supervisori board prof dr stefan asenkerschbaum manag director dr stefan hartung dr christian fischer dr marku forschner stefan grosch dr marku heyn dr tanja rckert beerelli srinitha cs20b1004iiitracin sent wednesday novemb 15 2023 1202 pm desika selvaraj sxetl3 desikaselvarajinboschcom ayan debnath sxehc1 ayandebnathinboschcom cc sikand kathat cs20b1020iiitracin cs21b1005iiitracin cs21b1018iiitracin subject regard ai healthcar project respect sir maam hope email find well srinitha iiit raichur assign project call skin cancer malign mole classif mentor thu request kindli provid u feasibl time slot discu regard project guidanc regard hope hear soon thank regard beerelli srinitha,1
regard ai healthcar project,,Desika.Selvaraj@in.bosch.com,dear srinitha plea sync santosh dodhi cs21b1025iiitracin shivanshu gupta cs21b1027iiitracin nirdesh gothania cs21b1016iiitracin alreadi first round discu regard action item day left project execut would recommend sync complet data explor post combin session tomorrow 2 pm 230 pm mit freundlichen gren best regard selvaraj desika global project sxedsdl11 robert bosch gmbh postfach 10 60 50 70049 stuttgart germani wwwboschcom tel 91 80 66572104 fax 91 80 66170711 desikaselvarajinboschcom regist offic stuttgart registr court amtsgericht stuttgart hrb 14000 chairman supervisori board prof dr stefan asenkerschbaum manag director dr stefan hartung dr christian fischer dr marku forschner stefan grosch dr marku heyn dr tanja rckert beerelli srinitha cs20b1004iiitracin sent wednesday novemb 15 2023 1202 pm desika selvaraj sxetl3 desikaselvarajinboschcom ayan debnath sxehc1 ayandebnathinboschcom cc sikand kathat cs20b1020iiitracin cs21b1005iiitracin cs21b1018iiitracin subject regard ai healthcar project respect sir maam hope email find well srinitha iiit raichur assign project call skin cancer malign mole classif mentor thu request kindli provid u feasibl time slot discu regard project guidanc regard hope hear soon thank regard beerelli srinitha,1
new announc dear student check mid sem,neha agarw classroom,no-reply@classroom.google.com,notif set foundat machin learn 3rd year new announc dear student check mid sem sheet today anubhav kindli set time inform see detail post 1057 nov 16 ist neha agarw googl llc 1600 amphitheatr parkway mountain view ca 94043 usa email sent indic youd like receiv email notif googl classroom dont want receiv email like unsubscrib chang set,1
